Order_ID,Order_Date,Customer_ID,Region,Category,Product,Quantity,Unit_Price,Sales,Profit
10001,1/1/2025,1102,North,Furniture,Pen,4,4690,18760,2172.63
10002,1/2/2025,1435,North,Stationery,Shirt,2,4382,8764,439.63
10003,1/3/2025,1860,East,Clothing,Pen,1,3767,3767,1008.3
10004,1/4/2025,1270,West,Electronics,Headphones,7,3771,26397,6550.38
10005,1/5/2025,1106,North,Clothing,Pen,6,2901,17406,3600.12
10006,1/6/2025,1071,South,Furniture,Phone,2,185,370,87.9
10007,1/7/2025,1700,North,Electronics,Notebook,8,3215,25720,2263.67
10008,1/8/2025,1020,South,Furniture,Pen,4,4332,17328,2851.86
10009,1/9/2025,1614,West,Furniture,Laptop,8,2568,20544,2831.06
10010,1/10/2025,1121,East,Clothing,Notebook,7,3719,26033,1911.97
10011,1/11/2025,1466,North,Furniture,Shirt,5,1736,8680,1488.9
10012,1/12/2025,1214,East,Clothing,Shirt,10,3683,36830,10319.21
10013,1/13/2025,1330,North,Electronics,Pen,10,4109,41090,2466.01
10014,1/14/2025,1458,South,Clothing,Notebook,8,3426,27408,3367.49
10015,1/15/2025,1087,East,Electronics,Phone,9,2318,20862,2125.53
10016,1/16/2025,1372,North,Clothing,Phone,5,2317,11585,1268.98
10017,1/17/2025,1099,South,Stationery,Table,10,2469,24690,6841.81
10018,1/18/2025,1871,East,Stationery,Shirt,5,3738,18690,3121.55
10019,1/19/2025,1663,East,Furniture,Chair,2,2603,5206,867.19
10020,1/20/2025,1130,North,Clothing,Table,5,1043,5215,1252.35
10021,1/21/2025,1661,North,Clothing,Phone,3,2937,8811,780.86
10022,1/22/2025,1308,North,Electronics,Notebook,7,2760,19320,3319.49
10023,1/23/2025,1769,South,Furniture,Headphones,10,3036,30360,4781.59
10024,1/24/2025,1343,North,Clothing,Phone,5,4544,22720,4526.45
10025,1/25/2025,1491,East,Furniture,Notebook,8,4047,32376,9709.22
10026,1/26/2025,1413,East,Stationery,Table,1,1776,1776,430.44
10027,1/27/2025,1805,North,Clothing,Shirt,3,1296,3888,581.13
10028,1/28/2025,1385,North,Clothing,Phone,3,4205,12615,3240.65
10029,1/29/2025,1191,West,Furniture,Pen,9,2887,25983,2408.03
10030,1/30/2025,1955,East,Clothing,Notebook,5,1561,7805,449.69
10031,1/31/2025,1276,South,Furniture,Shirt,9,3418,30762,3110.41
10032,2/1/2025,1160,West,Clothing,Headphones,9,766,6894,931.4
10033,2/2/2025,1459,North,Electronics,Headphones,1,2276,2276,404.32
10034,2/3/2025,1313,North,Furniture,Chair,2,3843,7686,1566.27
10035,2/4/2025,1021,East,Clothing,Notebook,5,700,3500,971.78
10036,2/5/2025,1252,North,Stationery,Table,4,2752,11008,1953.52
10037,2/6/2025,1747,South,Clothing,Chair,10,4522,45220,7927.92
10038,2/7/2025,1856,East,Stationery,Chair,9,3924,35316,2209.4
10039,2/8/2025,1560,North,Stationery,Laptop,7,4006,28042,1646.85
10040,2/9/2025,1474,East,Electronics,Phone,6,1079,6474,1215.75
10041,2/10/2025,1058,North,Furniture,Notebook,7,2551,17857,2848.99
10042,2/11/2025,1510,North,Clothing,Chair,1,728,728,189.13
10043,2/12/2025,1681,North,Electronics,Laptop,1,1729,1729,155.9
10044,2/13/2025,1475,South,Clothing,Table,8,3796,30368,1707.98
10045,2/14/2025,1699,South,Stationery,Shirt,2,3530,7060,1145.55
10046,2/15/2025,1975,East,Furniture,Pen,10,3774,37740,4127.61
10047,2/16/2025,1782,North,Clothing,Pen,9,4029,36261,2262.82
10048,2/17/2025,1189,North,Clothing,Notebook,7,2865,20055,4635.7
10049,2/18/2025,1957,South,Stationery,Chair,6,4469,26814,2088.76
10050,2/19/2025,1686,North,Clothing,Pen,1,4880,4880,986.15
10051,2/20/2025,1957,South,Clothing,Phone,1,215,215,25.86
10052,2/21/2025,1562,North,Stationery,Pen,2,2103,4206,392.73
10053,2/22/2025,1875,East,Electronics,Pen,6,792,4752,688.74
10054,2/23/2025,1566,North,Stationery,Pen,6,3262,19572,4900.07
10055,2/24/2025,1243,North,Electronics,Headphones,2,1205,2410,356.74
10056,2/25/2025,1831,West,Furniture,Laptop,1,3108,3108,738.75
10057,2/26/2025,1504,South,Electronics,Chair,10,2261,22610,1839.81
10058,2/27/2025,1130,North,Electronics,Phone,5,253,1265,307.64
10059,2/28/2025,1484,North,Furniture,Chair,5,3799,18995,2074.89
10060,3/1/2025,1818,West,Electronics,Headphones,2,4510,9020,1978.52
10061,3/2/2025,1646,West,Stationery,Notebook,6,3886,23316,4463.74
10062,3/3/2025,1020,South,Electronics,Notebook,9,1164,10476,2957.23
10063,3/4/2025,1840,West,Furniture,Notebook,2,4300,8600,1262.74
10064,3/5/2025,1166,East,Stationery,Table,10,2013,20130,1339.48
10065,3/6/2025,1273,West,Furniture,Pen,2,1316,2632,144.2
10066,3/7/2025,1387,East,Furniture,Table,3,2501,7503,1926.13
10067,3/8/2025,1600,South,Clothing,Laptop,7,1872,13104,2374.23
10068,3/9/2025,1315,South,Clothing,Notebook,6,2060,12360,3013.5
10069,3/10/2025,1013,South,Furniture,Headphones,8,2880,23040,2502.29
10070,3/11/2025,1241,South,Furniture,Phone,8,4904,39232,5346.18
10071,3/12/2025,1776,South,Furniture,Chair,6,4846,29076,1672.63
10072,3/13/2025,1345,East,Clothing,Pen,10,2971,29710,8626.98
10073,3/14/2025,1564,East,Clothing,Shirt,3,760,2280,494.68
10074,3/15/2025,1897,South,Electronics,Phone,3,2735,8205,2324.49
10075,3/16/2025,1339,West,Electronics,Pen,1,2429,2429,282.67
10076,3/17/2025,1091,North,Furniture,Table,7,4054,28378,5756.93
10077,3/18/2025,1366,South,Stationery,Table,5,2550,12750,2800.22
10078,3/19/2025,1955,West,Stationery,Phone,4,1232,4928,637.62
10079,3/20/2025,1454,North,Clothing,Table,10,799,7990,2093.6
10080,3/21/2025,1427,South,Clothing,Notebook,4,2138,8552,2452.63
10081,3/22/2025,1508,South,Clothing,Laptop,4,4747,18988,5149.81
10082,3/23/2025,1775,East,Furniture,Chair,6,4600,27600,6479.56
10083,3/24/2025,1942,North,Stationery,Laptop,8,4657,37256,4447.11
10084,3/25/2025,1034,North,Electronics,Pen,8,2279,18232,2195.21
10085,3/26/2025,1205,West,Furniture,Chair,5,2938,14690,4272.44
10086,3/27/2025,1080,East,Electronics,Headphones,6,973,5838,306.91
10087,3/28/2025,1931,East,Electronics,Chair,4,183,732,167.64
10088,3/29/2025,1561,East,Furniture,Laptop,9,1522,13698,3103.44
10089,3/30/2025,1871,East,Electronics,Phone,8,2775,22200,4565.93
10090,3/31/2025,1387,North,Stationery,Chair,10,3280,32800,9758.89
10091,4/1/2025,1001,North,Electronics,Headphones,10,4416,44160,5651.15
10092,4/2/2025,1389,South,Stationery,Headphones,1,4075,4075,550.1
10093,4/3/2025,1565,South,Stationery,Headphones,2,1491,2982,207.95
10094,4/4/2025,1105,East,Stationery,Laptop,9,3318,29862,4798.81
10095,4/5/2025,1771,East,Clothing,Chair,8,4307,34456,3971.47
10096,4/6/2025,1821,East,Electronics,Shirt,3,714,2142,290.98
10097,4/7/2025,1476,South,Furniture,Phone,8,3071,24568,6354.34
10098,4/8/2025,1702,West,Furniture,Notebook,1,3665,3665,1040.39
10099,4/9/2025,1401,West,Electronics,Chair,10,3676,36760,3544.89
10100,4/10/2025,1729,South,Clothing,Headphones,4,4670,18680,2673.62
10101,4/11/2025,1555,South,Clothing,Shirt,3,370,1110,313.19
10102,4/12/2025,1161,South,Stationery,Notebook,6,4166,24996,1636.04
10103,4/13/2025,1201,South,Electronics,Notebook,7,2568,17976,1313.87
10104,4/14/2025,1957,South,Electronics,Pen,4,1490,5960,540.56
10105,4/15/2025,1995,South,Furniture,Chair,7,3454,24178,4806.66
10106,4/16/2025,1269,East,Electronics,Laptop,9,4235,38115,3339.56
10107,4/17/2025,1862,East,Clothing,Chair,2,3707,7414,2165.03
10108,4/18/2025,1815,East,Electronics,Shirt,3,2683,8049,1301.35
10109,4/19/2025,1270,East,Furniture,Notebook,5,4173,20865,3659.29
10110,4/20/2025,1455,South,Stationery,Chair,3,3175,9525,1063.61
10111,4/21/2025,1461,West,Furniture,Laptop,8,4006,32048,5375.73
10112,4/22/2025,1726,North,Furniture,Pen,10,389,3890,838.21
10113,4/23/2025,1251,South,Stationery,Chair,8,2580,20640,4908.07
10114,4/24/2025,1701,North,Furniture,Phone,8,3352,26816,6394.73
10115,4/25/2025,1295,West,Furniture,Pen,9,378,3402,661.6
10116,4/26/2025,1724,East,Electronics,Laptop,4,3024,12096,3339.58
10117,4/27/2025,1719,West,Electronics,Shirt,5,680,3400,864.8
10118,4/28/2025,1748,South,Stationery,Notebook,5,353,1765,422.3
10119,4/29/2025,1337,East,Electronics,Chair,8,4376,35008,2237.06
10120,4/30/2025,1878,South,Electronics,Laptop,7,4876,34132,1765.29
10121,5/1/2025,1052,East,Furniture,Pen,9,924,8316,857.48
10122,5/2/2025,1791,North,Clothing,Phone,8,3932,31456,6790.75
10123,5/3/2025,1921,North,Electronics,Laptop,2,799,1598,244.17
10124,5/4/2025,1216,North,Clothing,Table,10,1480,14800,2228.9
10125,5/5/2025,1763,West,Electronics,Headphones,4,3996,15984,4334.01
10126,5/6/2025,1187,South,Electronics,Phone,6,1773,10638,2913.65
10127,5/7/2025,1379,West,Stationery,Pen,2,2827,5654,1567.82
10128,5/8/2025,1492,North,Stationery,Shirt,7,3256,22792,2928.08
10129,5/9/2025,1040,South,Stationery,Notebook,3,3488,10464,2331
10130,5/10/2025,1156,North,Clothing,Pen,3,4407,13221,1558.87
10131,5/11/2025,1014,West,Furniture,Headphones,2,483,966,94.33
10132,5/12/2025,1812,West,Electronics,Shirt,8,441,3528,339.25
10133,5/13/2025,1064,West,Electronics,Chair,6,2087,12522,1697.07
10134,5/14/2025,1856,North,Electronics,Laptop,1,4159,4159,655
10135,5/15/2025,1838,South,Clothing,Table,1,3209,3209,827.08
10136,5/16/2025,1520,South,Stationery,Phone,7,4182,29274,2341.12
10137,5/17/2025,1343,North,Furniture,Phone,8,4615,36920,8629.37
10138,5/18/2025,1128,South,Clothing,Laptop,5,2898,14490,2649.7
10139,5/19/2025,1647,North,Stationery,Table,5,3340,16700,2037.17
10140,5/20/2025,1471,South,Clothing,Laptop,4,2088,8352,1446.61
10141,5/21/2025,1062,East,Furniture,Chair,6,3514,21084,2635.19
10142,5/22/2025,1138,East,Stationery,Headphones,6,1949,11694,2327.35
10143,5/23/2025,1498,West,Clothing,Shirt,3,405,1215,192.53
10144,5/24/2025,1592,East,Furniture,Pen,9,3713,33417,3044.33
10145,5/25/2025,1391,East,Electronics,Phone,7,2849,19943,1578.4
10146,5/26/2025,1674,East,Furniture,Chair,1,1235,1235,230.54
10147,5/27/2025,1418,North,Electronics,Shirt,7,305,2135,588.41
10148,5/28/2025,1288,East,Clothing,Chair,5,4691,23455,3189.63
10149,5/29/2025,1378,East,Stationery,Table,5,3550,17750,4140.19
10150,5/30/2025,1772,West,Stationery,Phone,2,3911,7822,1679.11
10151,5/31/2025,1489,East,Clothing,Pen,4,3722,14888,4211.65
10152,6/1/2025,1230,East,Stationery,Laptop,6,3699,22194,5664.91
10153,6/2/2025,1040,South,Stationery,Laptop,10,2651,26510,5080.68
10154,6/3/2025,1027,West,Electronics,Shirt,7,4408,30856,6611.13
10155,6/4/2025,1134,West,Clothing,Pen,5,409,2045,561.55
10156,6/5/2025,1200,West,Furniture,Headphones,9,2808,25272,3787.76
10157,6/6/2025,1839,West,Electronics,Notebook,3,2091,6273,826.15
10158,6/7/2025,1779,West,Clothing,Table,1,371,371,19.55
10159,6/8/2025,1929,West,Electronics,Shirt,4,3742,14968,3841.35
10160,6/9/2025,1032,North,Furniture,Notebook,9,4186,37674,9427.74
10161,6/10/2025,1047,East,Furniture,Chair,4,1922,7688,585.16
10162,6/11/2025,1502,West,Clothing,Table,2,3373,6746,1310.17
10163,6/12/2025,1406,East,Furniture,Chair,10,4638,46380,7698.87
10164,6/13/2025,1573,East,Electronics,Headphones,5,4449,22245,1772.42
10165,6/14/2025,1727,North,Furniture,Pen,3,620,1860,548.96
10166,6/15/2025,1804,West,Electronics,Phone,9,1076,9684,1003.98
10167,6/16/2025,1098,South,Electronics,Table,4,3822,15288,1021.37
10168,6/17/2025,1683,North,Furniture,Notebook,6,3651,21906,4352.98
10169,6/18/2025,1871,South,Clothing,Headphones,2,4205,8410,1973.97
10170,6/19/2025,1725,East,Stationery,Phone,6,2873,17238,1001.72
10171,6/20/2025,1986,East,Furniture,Laptop,3,2652,7956,1707.99
10172,6/21/2025,1546,North,Electronics,Notebook,9,2932,26388,4830.93
10173,6/22/2025,1960,North,Electronics,Shirt,2,4007,8014,607.59
10174,6/23/2025,1738,South,Furniture,Laptop,9,252,2268,211.22
10175,6/24/2025,1612,West,Clothing,Headphones,5,3064,15320,2941.34
10176,6/25/2025,1942,South,Clothing,Laptop,8,3016,24128,2994.03
10177,6/26/2025,1461,North,Electronics,Shirt,2,2900,5800,1650.56
10178,6/27/2025,1642,South,Electronics,Table,6,1852,11112,2830.06
10179,6/28/2025,1768,North,Clothing,Laptop,3,2710,8130,2405.6
10180,6/29/2025,1004,South,Stationery,Pen,10,3975,39750,4567.98
10181,6/30/2025,1217,North,Furniture,Notebook,5,1204,6020,1760.43
10182,7/1/2025,1502,North,Electronics,Phone,8,2636,21088,3327.86
10183,7/2/2025,1766,North,Electronics,Laptop,10,4299,42990,5884.46
10184,7/3/2025,1397,West,Clothing,Notebook,1,3954,3954,247.47
10185,7/4/2025,1870,South,Furniture,Chair,5,3594,17970,1135.55
10186,7/5/2025,1794,South,Clothing,Notebook,3,2014,6042,1347.38
10187,7/6/2025,1392,South,Furniture,Phone,4,3172,12688,2086.95
10188,7/7/2025,1206,North,Furniture,Notebook,2,1106,2212,235.87
10189,7/8/2025,1014,South,Furniture,Shirt,9,506,4554,926.71
10190,7/9/2025,1857,South,Electronics,Headphones,3,266,798,90.35
10191,7/10/2025,1553,North,Stationery,Phone,2,608,1216,236.4
10192,7/11/2025,1891,East,Clothing,Headphones,10,1761,17610,2461.92
10193,7/12/2025,1460,North,Stationery,Table,9,3764,33876,8668.46
10194,7/13/2025,1690,South,Clothing,Headphones,7,3589,25123,6410.74
10195,7/14/2025,1574,North,Furniture,Chair,6,4958,29748,5037.45
10196,7/15/2025,1863,East,Electronics,Shirt,1,780,780,107.41
10197,7/16/2025,1742,North,Stationery,Table,5,2624,13120,1845.2
10198,7/17/2025,1240,South,Electronics,Notebook,3,2220,6660,1674.51
10199,7/18/2025,1563,East,Clothing,Phone,1,4777,4777,630.78
10200,7/19/2025,1095,West,Electronics,Chair,4,4457,17828,1823.18
10201,7/20/2025,1899,South,Electronics,Shirt,2,1463,2926,208.25
10202,7/21/2025,1733,East,Stationery,Table,2,1431,2862,477.02
10203,7/22/2025,1484,East,Furniture,Table,3,2392,7176,1223.74
10204,7/23/2025,1406,West,Electronics,Chair,8,1638,13104,3410.02
10205,7/24/2025,1230,North,Furniture,Pen,8,3508,28064,2955.41
10206,7/25/2025,1748,North,Clothing,Notebook,7,660,4620,671.04
10207,7/26/2025,1654,South,Electronics,Chair,6,1199,7194,1813.62
10208,7/27/2025,1170,West,Stationery,Table,9,2003,18027,4613.22
10209,7/28/2025,1540,North,Clothing,Laptop,4,274,1096,160.18
10210,7/29/2025,1035,West,Clothing,Shirt,1,2256,2256,371.75
10211,7/30/2025,1524,North,Stationery,Chair,8,2330,18640,2345.31
10212,7/31/2025,1159,East,Electronics,Pen,7,4387,30709,8694.91
10213,8/1/2025,1838,North,Electronics,Table,7,4260,29820,2375.49
10214,8/2/2025,1698,West,Clothing,Notebook,3,4020,12060,3418.25
10215,8/3/2025,1242,East,Electronics,Headphones,4,1597,6388,1411.53
10216,8/4/2025,1085,East,Furniture,Table,10,3954,39540,7231.59
10217,8/5/2025,1795,East,Stationery,Notebook,9,3271,29439,1712.31
10218,8/6/2025,1577,West,Furniture,Chair,6,1667,10002,1689.33
10219,8/7/2025,1681,South,Electronics,Notebook,5,1251,6255,950.37
10220,8/8/2025,1556,South,Clothing,Phone,3,468,1404,126.79
10221,8/9/2025,1573,South,Stationery,Phone,9,142,1278,273.62
10222,8/10/2025,1952,West,Electronics,Phone,5,2007,10035,2938.12
10223,8/11/2025,1645,East,Electronics,Pen,5,3590,17950,3420.32
10224,8/12/2025,1795,South,Clothing,Pen,4,2635,10540,2410.37
10225,8/13/2025,1027,West,Clothing,Laptop,4,4273,17092,1147.09
10226,8/14/2025,1619,South,Furniture,Pen,1,2973,2973,459.08
10227,8/15/2025,1555,North,Stationery,Headphones,7,1924,13468,1065.18
10228,8/16/2025,1339,South,Stationery,Chair,9,1393,12537,2547.51
10229,8/17/2025,1797,South,Clothing,Table,3,4869,14607,4157.45
10230,8/18/2025,1957,East,Furniture,Table,2,4896,9792,2109.63
10231,8/19/2025,1330,West,Stationery,Laptop,3,4954,14862,1028.46
10232,8/20/2025,1639,East,Clothing,Pen,1,3486,3486,483.39
10233,8/21/2025,1505,East,Electronics,Headphones,6,3072,18432,3459.06
10234,8/22/2025,1347,East,Stationery,Notebook,7,4022,28154,4245.68
10235,8/23/2025,1472,East,Furniture,Laptop,2,1092,2184,564.37
10236,8/24/2025,1230,East,Furniture,Headphones,8,2486,19888,5044.94
10237,8/25/2025,1189,South,Furniture,Notebook,6,2340,14040,2849.53
10238,8/26/2025,1224,East,Electronics,Headphones,4,1576,6304,903.77
10239,8/27/2025,1384,East,Stationery,Notebook,5,3507,17535,1996.08
10240,8/28/2025,1376,West,Stationery,Shirt,8,489,3912,299.15
10241,8/29/2025,1282,North,Electronics,Headphones,3,1099,3297,457.37
10242,8/30/2025,1957,South,Stationery,Table,3,4720,14160,2170.63
10243,8/31/2025,1632,South,Electronics,Phone,4,1955,7820,1712.23
10244,9/1/2025,1627,South,Electronics,Pen,1,758,758,162.62
10245,9/2/2025,1972,East,Electronics,Notebook,9,2863,25767,1739.97
10246,9/3/2025,1744,East,Furniture,Shirt,8,3763,30104,4479.92
10247,9/4/2025,1258,East,Stationery,Headphones,8,1581,12648,1207.18
10248,9/5/2025,1358,West,Electronics,Table,10,3831,38310,3417.37
10249,9/6/2025,1709,North,Stationery,Phone,6,551,3306,849.07
10250,9/7/2025,1455,East,Furniture,Notebook,7,2575,18025,1090.13
10251,9/8/2025,1410,North,Electronics,Headphones,6,3322,19932,3085.39
10252,9/9/2025,1648,West,Clothing,Headphones,9,1637,14733,1356.19
10253,9/10/2025,1317,South,Furniture,Notebook,3,3193,9579,2584.73
10254,9/11/2025,1676,East,Clothing,Laptop,3,982,2946,557.56
10255,9/12/2025,1224,North,Stationery,Laptop,3,4508,13524,1458.5
10256,9/13/2025,1818,North,Stationery,Table,10,4168,41680,7319.29
10257,9/14/2025,1233,East,Furniture,Phone,3,2666,7998,1862.51
10258,9/15/2025,1683,South,Stationery,Notebook,9,3377,30393,8799.67
10259,9/16/2025,1663,South,Clothing,Table,4,474,1896,199.29
10260,9/17/2025,1974,South,Electronics,Table,7,4646,32522,8831.2
10261,9/18/2025,1826,West,Electronics,Chair,9,3797,34173,9690.64
10262,9/19/2025,1373,North,Electronics,Headphones,7,3162,22134,6177.71
10263,9/20/2025,1671,North,Furniture,Pen,9,4790,43110,9003.68
10264,9/21/2025,1607,North,Stationery,Headphones,3,3350,10050,2084.92
10265,9/22/2025,1471,West,Clothing,Laptop,4,4695,18780,2832.07
10266,9/23/2025,1232,North,Stationery,Phone,8,4659,37272,8874.44
10267,9/24/2025,1691,West,Stationery,Headphones,6,212,1272,232.55
10268,9/25/2025,1112,South,Stationery,Notebook,5,3297,16485,3616.14
10269,9/26/2025,1829,East,Electronics,Table,4,2478,9912,1557.32
10270,9/27/2025,1496,North,Clothing,Notebook,8,2024,16192,3770.7
10271,9/28/2025,1441,North,Clothing,Chair,1,239,239,61.21
10272,9/29/2025,1563,South,Stationery,Phone,9,1524,13716,1187.93
10273,9/30/2025,1267,East,Electronics,Table,1,3049,3049,787.35
10274,10/1/2025,1509,West,Electronics,Notebook,8,3268,26144,4838.58
10275,10/2/2025,1806,East,Clothing,Laptop,4,616,2464,643.51
10276,10/3/2025,1385,South,Electronics,Pen,9,2716,24444,3857.88
10277,10/4/2025,1386,South,Electronics,Chair,5,987,4935,714.39
10278,10/5/2025,1112,East,Electronics,Phone,3,3204,9612,2679.49
10279,10/6/2025,1612,West,Furniture,Chair,9,149,1341,151.25
10280,10/7/2025,1624,West,Stationery,Laptop,9,4051,36459,9517.73
10281,10/8/2025,1951,North,Clothing,Phone,4,3660,14640,2503.52
10282,10/9/2025,1080,West,Clothing,Chair,4,118,472,84.26
10283,10/10/2025,1698,East,Furniture,Shirt,8,4921,39368,5004.34
10284,10/11/2025,1112,South,Stationery,Laptop,2,1573,3146,608
10285,10/12/2025,1001,North,Clothing,Laptop,9,4161,37449,4917.16
10286,10/13/2025,1641,North,Electronics,Laptop,6,2706,16236,971.19
10287,10/14/2025,1219,South,Clothing,Shirt,9,551,4959,585.16
10288,10/15/2025,1565,West,Electronics,Shirt,8,3865,30920,1595.31
10289,10/16/2025,1854,South,Furniture,Notebook,7,2538,17766,5233.66
10290,10/17/2025,1996,West,Electronics,Table,1,4410,4410,1285.24
10291,10/18/2025,1735,South,Clothing,Pen,3,1649,4947,736.06
10292,10/19/2025,1224,East,Clothing,Chair,2,3574,7148,1659
10293,10/20/2025,1384,West,Clothing,Notebook,5,227,1135,154.87
10294,10/21/2025,1402,East,Furniture,Chair,5,4955,24775,5395.33
10295,10/22/2025,1637,North,Furniture,Pen,5,2861,14305,3595.67
10296,10/23/2025,1129,South,Stationery,Table,4,4556,18224,5224.62
10297,10/24/2025,1052,North,Clothing,Shirt,5,4764,23820,3574.26
10298,10/25/2025,1683,North,Electronics,Table,3,1515,4545,1117.27
10299,10/26/2025,1729,North,Furniture,Shirt,1,301,301,35.06
10300,10/27/2025,1671,North,Clothing,Pen,5,2469,12345,3673.66
10301,10/28/2025,1709,South,Clothing,Table,9,617,5553,313.42
10302,10/29/2025,1415,North,Furniture,Notebook,9,1441,12969,2605.24
10303,10/30/2025,1246,South,Stationery,Phone,4,4876,19504,4190.95
10304,10/31/2025,1835,South,Furniture,Notebook,3,2088,6264,1390.68
10305,11/1/2025,1438,East,Furniture,Chair,1,3645,3645,291.95
10306,11/2/2025,1202,West,Electronics,Notebook,2,4620,9240,2630
10307,11/3/2025,1183,West,Electronics,Pen,8,3902,31216,2974.75
10308,11/4/2025,1122,South,Stationery,Laptop,1,3375,3375,694.2
10309,11/5/2025,1400,East,Clothing,Chair,8,3754,30032,3173.45
10310,11/6/2025,1766,South,Furniture,Table,7,2534,17738,2249.25
10311,11/7/2025,1293,South,Stationery,Chair,8,4973,39784,7424.28
10312,11/8/2025,1279,South,Electronics,Phone,6,307,1842,284.22
10313,11/9/2025,1836,East,Furniture,Shirt,9,2733,24597,2215.12
10314,11/10/2025,1883,West,Clothing,Table,3,4217,12651,1173.18
10315,11/11/2025,1609,East,Electronics,Headphones,10,253,2530,390.98
10316,11/12/2025,1197,North,Electronics,Chair,4,3466,13864,3317.94
10317,11/13/2025,1981,East,Electronics,Table,6,4414,26484,7269.62
10318,11/14/2025,1906,East,Stationery,Table,8,4864,38912,2763.99
10319,11/15/2025,1510,East,Clothing,Table,5,1618,8090,1199.55
10320,11/16/2025,1751,East,Furniture,Shirt,3,2700,8100,608
10321,11/17/2025,1143,West,Stationery,Headphones,6,2295,13770,745.62
10322,11/18/2025,1608,North,Stationery,Pen,4,4598,18392,3962.18
10323,11/19/2025,1200,West,Stationery,Notebook,9,4791,43119,8650.2
10324,11/20/2025,1123,West,Electronics,Table,3,3654,10962,994.85
10325,11/21/2025,1186,East,Clothing,Laptop,4,2514,10056,1090.61
10326,11/22/2025,1325,South,Stationery,Pen,7,2949,20643,1154.5
10327,11/23/2025,1463,South,Furniture,Phone,7,1842,12894,3336.15
10328,11/24/2025,1348,West,Clothing,Shirt,4,1406,5624,1651.61
10329,11/25/2025,1770,West,Furniture,Chair,6,3949,23694,1987.09
10330,11/26/2025,1659,East,Clothing,Shirt,3,4268,12804,1381.15
10331,11/27/2025,1763,West,Furniture,Chair,6,4676,28056,7493.82
10332,11/28/2025,1954,East,Electronics,Shirt,2,4755,9510,2678.17
10333,11/29/2025,1931,South,Stationery,Chair,8,4940,39520,6121.92
10334,11/30/2025,1402,South,Furniture,Table,2,4295,8590,538.21
10335,12/1/2025,1345,North,Clothing,Notebook,7,2655,18585,1112.27
10336,12/2/2025,1962,South,Stationery,Chair,9,2405,21645,4188.04
10337,12/3/2025,1510,West,Stationery,Headphones,1,4608,4608,683.02
10338,12/4/2025,1146,South,Clothing,Chair,8,1188,9504,543.28
10339,12/5/2025,1147,East,Furniture,Laptop,7,2742,19194,3758.44
10340,12/6/2025,1863,South,Electronics,Chair,6,1277,7662,404.75
10341,12/7/2025,1710,North,Electronics,Laptop,6,4857,29142,7193.5
10342,12/8/2025,1819,South,Furniture,Phone,6,3094,18564,2350.35
10343,12/9/2025,1488,East,Stationery,Table,9,659,5931,356.24
10344,12/10/2025,1928,East,Stationery,Laptop,2,3064,6128,1207.76
10345,12/11/2025,1935,West,Stationery,Notebook,1,1371,1371,204.86
10346,12/12/2025,1639,South,Stationery,Pen,6,1913,11478,3368.22
10347,12/13/2025,1550,East,Furniture,Table,10,3015,30150,5609.4
10348,12/14/2025,1337,North,Stationery,Laptop,8,709,5672,673.89
10349,12/15/2025,1871,West,Clothing,Table,3,2561,7683,1746.8
10350,12/16/2025,1640,North,Stationery,Headphones,10,4220,42200,4974.24
10351,12/17/2025,1778,South,Electronics,Table,1,383,383,105.73
10352,12/18/2025,1987,South,Stationery,Table,9,3028,27252,3915.58
10353,12/19/2025,1952,South,Furniture,Phone,1,4496,4496,842.85
10354,12/20/2025,1472,West,Electronics,Notebook,3,1191,3573,223.82
10355,12/21/2025,1945,East,Furniture,Shirt,8,916,7328,1147.05
10356,12/22/2025,1150,West,Furniture,Shirt,3,182,546,140.92
10357,12/23/2025,1414,North,Electronics,Laptop,4,2020,8080,2031.41
10358,12/24/2025,1989,West,Furniture,Table,8,3591,28728,3047.46
10359,12/25/2025,1297,North,Furniture,Laptop,1,3244,3244,345.55
10360,12/26/2025,1610,West,Stationery,Phone,6,2193,13158,3346.43
10361,12/27/2025,1262,East,Clothing,Phone,1,4813,4813,1360.15
10362,12/28/2025,1763,North,Furniture,Chair,1,275,275,20.31
10363,12/29/2025,1143,South,Furniture,Headphones,8,2804,22432,3645.53
10364,12/30/2025,1345,South,Furniture,Phone,4,469,1876,252.07
10365,12/31/2025,1623,West,Stationery,Chair,1,1918,1918,513.4
10366,1/1/2026,1571,South,Clothing,Notebook,10,2201,22010,1560.1
10367,1/2/2026,1880,North,Electronics,Laptop,7,4885,34195,3514.61
10368,1/3/2026,1001,South,Stationery,Pen,5,3590,17950,4274.2
10369,1/4/2026,1896,East,Stationery,Notebook,5,1879,9395,590.23
10370,1/5/2026,1303,East,Clothing,Phone,1,1464,1464,253.47
10371,1/6/2026,1253,West,Clothing,Notebook,10,4562,45620,7323.23
10372,1/7/2026,1651,North,Stationery,Notebook,6,3442,20652,2759.11
10373,1/8/2026,1452,East,Electronics,Headphones,9,4839,43551,6473.55
10374,1/9/2026,1036,East,Stationery,Headphones,9,3776,33984,6201.58
10375,1/10/2026,1159,North,Clothing,Headphones,8,2526,20208,1825.63
10376,1/11/2026,1008,South,Electronics,Notebook,5,172,860,165.98
10377,1/12/2026,1232,South,Clothing,Phone,1,3062,3062,769.66
10378,1/13/2026,1098,West,Electronics,Pen,9,959,8631,2071.79
10379,1/14/2026,1658,South,Furniture,Table,1,3956,3956,350.01
10380,1/15/2026,1815,North,Clothing,Notebook,8,4238,33904,2960.24
10381,1/16/2026,1207,East,Clothing,Chair,5,2524,12620,1477.09
10382,1/17/2026,1130,South,Stationery,Phone,3,1164,3492,489.82
10383,1/18/2026,1403,West,Clothing,Notebook,7,2317,16219,2467.14
10384,1/19/2026,1151,South,Clothing,Pen,7,4117,28819,6338
10385,1/20/2026,1053,North,Furniture,Table,9,2359,21231,1362.4
10386,1/21/2026,1119,West,Clothing,Headphones,7,3851,26957,1581.52
10387,1/22/2026,1672,South,Furniture,Phone,3,2186,6558,970.44
10388,1/23/2026,1919,West,Furniture,Shirt,1,468,468,104.97
10389,1/24/2026,1627,North,Furniture,Table,8,2904,23232,2285.07
10390,1/25/2026,1586,East,Furniture,Chair,3,250,750,157.78
10391,1/26/2026,1624,North,Electronics,Notebook,8,1234,9872,1134.86
10392,1/27/2026,1967,North,Stationery,Pen,8,2884,23072,6264.54
10393,1/28/2026,1419,North,Electronics,Shirt,5,4264,21320,5840.03
10394,1/29/2026,1421,North,Clothing,Pen,1,2446,2446,304.09
10395,1/30/2026,1103,East,Electronics,Shirt,10,4997,49970,5371.7
10396,1/31/2026,1851,East,Electronics,Phone,7,2350,16450,2513.99
10397,2/1/2026,1253,West,Clothing,Shirt,10,160,1600,176.21
10398,2/2/2026,1226,South,Clothing,Chair,5,3110,15550,3391.39
10399,2/3/2026,1111,East,Clothing,Chair,8,4001,32008,8210.57
10400,2/4/2026,1509,East,Electronics,Laptop,9,1437,12933,2822.93
10401,2/5/2026,1472,South,Electronics,Chair,7,1284,8988,2301.72
10402,2/6/2026,1098,East,Clothing,Table,7,4526,31682,4728.48
10403,2/7/2026,1152,North,Stationery,Shirt,1,1651,1651,147.07
10404,2/8/2026,1860,North,Stationery,Chair,4,4533,18132,4251.73
10405,2/9/2026,1913,South,Furniture,Phone,2,1729,3458,484.53
10406,2/10/2026,1895,West,Clothing,Pen,2,1427,2854,621.65
10407,2/11/2026,1877,West,Furniture,Headphones,2,1626,3252,382.63
10408,2/12/2026,1337,South,Stationery,Pen,4,1773,7092,498.62
10409,2/13/2026,1705,South,Furniture,Laptop,1,1461,1461,435.59
10410,2/14/2026,1821,North,Clothing,Pen,4,1673,6692,595.93
10411,2/15/2026,1162,West,Clothing,Shirt,2,2786,5572,1655.47
10412,2/16/2026,1719,East,Clothing,Laptop,5,4470,22350,6578.05
10413,2/17/2026,1956,North,Electronics,Shirt,3,2466,7398,1838.07
10414,2/18/2026,1680,South,Furniture,Phone,8,3857,30856,6629.59
10415,2/19/2026,1995,West,Stationery,Laptop,4,2534,10136,1970.96
10416,2/20/2026,1160,East,Stationery,Notebook,1,2093,2093,557.84
10417,2/21/2026,1579,East,Stationery,Table,1,969,969,118.57
10418,2/22/2026,1800,North,Electronics,Table,10,1114,11140,1859.49
10419,2/23/2026,1397,West,Electronics,Shirt,3,2011,6033,1235.84
10420,2/24/2026,1276,West,Clothing,Pen,9,702,6318,965.38
10421,2/25/2026,1815,South,Stationery,Headphones,7,3921,27447,4305.66
10422,2/26/2026,1915,West,Electronics,Headphones,2,790,1580,209.46
10423,2/27/2026,1503,West,Clothing,Notebook,9,593,5337,1019.68
10424,2/28/2026,1895,North,Stationery,Laptop,10,589,5890,1546.97
10425,3/1/2026,1391,West,Furniture,Notebook,2,2656,5312,533.23
10426,3/2/2026,1134,East,Clothing,Notebook,3,4585,13755,3901.03
10427,3/3/2026,1194,North,Electronics,Pen,10,394,3940,875.75
10428,3/4/2026,1400,North,Electronics,Headphones,2,4127,8254,2111.52
10429,3/5/2026,1639,South,Clothing,Laptop,3,2943,8829,1669.1
10430,3/6/2026,1032,West,Clothing,Phone,6,3012,18072,4425.46
10431,3/7/2026,1687,South,Electronics,Pen,9,1817,16353,883.88
10432,3/8/2026,1459,East,Furniture,Notebook,9,2696,24264,6177.5
10433,3/9/2026,1954,North,Stationery,Notebook,7,4844,33908,2035.66
10434,3/10/2026,1882,North,Furniture,Phone,3,1973,5919,1612.8
10435,3/11/2026,1469,North,Clothing,Notebook,4,4763,19052,5677.32
10436,3/12/2026,1374,East,Furniture,Notebook,6,3358,20148,2488.62
10437,3/13/2026,1021,East,Electronics,Notebook,5,2917,14585,1496.12
10438,3/14/2026,1749,South,Clothing,Table,2,544,1088,262.58
10439,3/15/2026,1669,South,Stationery,Pen,6,3741,22446,2542.16
10440,3/16/2026,1037,South,Electronics,Chair,3,4558,13674,3642.63
10441,3/17/2026,1229,West,Electronics,Pen,8,841,6728,509.38
10442,3/18/2026,1364,North,Stationery,Phone,2,2141,4282,348.94
10443,3/19/2026,1562,North,Stationery,Notebook,1,779,779,229.64
10444,3/20/2026,1437,South,Furniture,Pen,9,2567,23103,5047.08
10445,3/21/2026,1775,North,Clothing,Table,3,3797,11391,2981.27
10446,3/22/2026,1282,South,Stationery,Headphones,1,1458,1458,191.12
10447,3/23/2026,1026,West,Stationery,Phone,7,162,1134,248.48
10448,3/24/2026,1225,West,Clothing,Shirt,10,2659,26590,5279.72
10449,3/25/2026,1276,East,Stationery,Pen,5,3869,19345,3884.23
10450,3/26/2026,1797,West,Stationery,Shirt,5,4451,22255,4910.19
10451,3/27/2026,1608,South,Furniture,Notebook,1,234,234,45.36
10452,3/28/2026,1283,West,Electronics,Table,9,3744,33696,5299.22
10453,3/29/2026,1878,East,Electronics,Table,7,2235,15645,1861.45
10454,3/30/2026,1959,North,Electronics,Pen,8,3378,27024,6543.74
10455,3/31/2026,1480,South,Electronics,Phone,9,922,8298,884.3
10456,4/1/2026,1452,North,Stationery,Phone,6,3174,19044,4248.5
10457,4/2/2026,1828,East,Clothing,Table,5,3081,15405,1668.87
10458,4/3/2026,1815,East,Clothing,Phone,6,220,1320,272.36
10459,4/4/2026,1658,East,Furniture,Table,2,1737,3474,822.54
10460,4/5/2026,1515,North,Furniture,Pen,4,1024,4096,428.76
10461,4/6/2026,1546,North,Stationery,Chair,3,744,2232,145.05
10462,4/7/2026,1191,North,Clothing,Table,7,2132,14924,1234.86
10463,4/8/2026,1048,North,Clothing,Shirt,9,2861,25749,5188.4
10464,4/9/2026,1511,East,Electronics,Phone,5,2168,10840,2844
10465,4/10/2026,1016,East,Stationery,Table,6,341,2046,125.32
10466,4/11/2026,1171,South,Stationery,Table,10,2768,27680,6464.33
10467,4/12/2026,1219,South,Electronics,Pen,2,902,1804,244.13
10468,4/13/2026,1157,North,Stationery,Phone,3,4264,12792,2169.93
10469,4/14/2026,1476,West,Stationery,Chair,3,295,885,249.76
10470,4/15/2026,1045,West,Furniture,Pen,9,2287,20583,2737.39
10471,4/16/2026,1372,East,Clothing,Chair,7,3615,25305,4209.09
10472,4/17/2026,1517,East,Stationery,Headphones,8,2430,19440,1038.5
10473,4/18/2026,1098,East,Furniture,Pen,10,2459,24590,1731.13
10474,4/19/2026,1891,South,Clothing,Phone,9,4941,44469,5098.28
10475,4/20/2026,1744,South,Electronics,Laptop,6,3706,22236,1266.63
10476,4/21/2026,1036,East,Furniture,Phone,4,376,1504,312.6
10477,4/22/2026,1279,East,Furniture,Phone,1,160,160,25.06
10478,4/23/2026,1348,East,Clothing,Chair,8,3490,27920,5222.05
10479,4/24/2026,1496,West,Electronics,Chair,7,2013,14091,1319.79
10480,4/25/2026,1301,South,Furniture,Phone,2,4027,8054,998.56
10481,4/26/2026,1180,West,Stationery,Phone,8,2691,21528,4649.1
10482,4/27/2026,1606,West,Stationery,Phone,5,666,3330,970.11
10483,4/28/2026,1098,East,Stationery,Chair,7,4035,28245,1768.26
10484,4/29/2026,1699,East,Electronics,Phone,4,1671,6684,1822.03
10485,4/30/2026,1992,North,Furniture,Phone,5,4817,24085,4677.8
10486,5/1/2026,1115,North,Stationery,Headphones,8,1300,10400,1986.19
10487,5/2/2026,1190,West,Electronics,Notebook,1,4509,4509,789.39
10488,5/3/2026,1252,South,Stationery,Laptop,1,2954,2954,198.95
10489,5/4/2026,1980,East,Clothing,Shirt,4,2995,11980,868.18
10490,5/5/2026,1927,East,Furniture,Laptop,3,1336,4008,802.51
10491,5/6/2026,1982,West,Furniture,Notebook,10,236,2360,319.17
10492,5/7/2026,1160,North,Electronics,Shirt,2,1129,2258,630.7
10493,5/8/2026,1255,South,Electronics,Pen,3,2256,6768,1026.35
10494,5/9/2026,1322,North,Furniture,Phone,1,2694,2694,231.2
10495,5/10/2026,1127,North,Stationery,Notebook,1,761,761,174.03
10496,5/11/2026,1017,North,Stationery,Headphones,6,2572,15432,1903.36
10497,5/12/2026,1792,North,Clothing,Pen,5,2777,13885,2518.29
10498,5/13/2026,1734,East,Stationery,Phone,8,2408,19264,4323.96
10499,5/14/2026,1565,East,Electronics,Chair,2,186,372,102.32
10500,5/15/2026,1569,North,Electronics,Table,4,2612,10448,2591.6
10501,5/16/2026,1322,South,Stationery,Notebook,8,3042,24336,5331.78
10502,5/17/2026,1871,West,Electronics,Chair,6,2873,17238,3790.78
10503,5/18/2026,1685,South,Furniture,Notebook,1,2604,2604,746
10504,5/19/2026,1791,South,Furniture,Headphones,4,3410,13640,1690.76
10505,5/20/2026,1625,South,Stationery,Notebook,1,1800,1800,90.5
10506,5/21/2026,1287,North,Furniture,Chair,2,3770,7540,889.63
10507,5/22/2026,1942,East,Furniture,Headphones,5,2800,14000,1462.62
10508,5/23/2026,1853,South,Clothing,Shirt,8,3729,29832,6427.56
10509,5/24/2026,1662,North,Clothing,Laptop,8,4690,37520,7820.21
10510,5/25/2026,1961,South,Furniture,Phone,3,1747,5241,1039.63
10511,5/26/2026,1638,South,Stationery,Notebook,4,3418,13672,739.12
10512,5/27/2026,1154,North,Clothing,Phone,10,3787,37870,8793.21
10513,5/28/2026,1489,East,Electronics,Table,6,696,4176,546.57
10514,5/29/2026,1385,East,Electronics,Chair,10,4645,46450,10045.46
10515,5/30/2026,1985,West,Electronics,Phone,3,584,1752,331.38
10516,5/31/2026,1784,North,Stationery,Chair,2,745,1490,202.17
10517,6/1/2026,1103,West,Furniture,Phone,6,3189,19134,1600.45
10518,6/2/2026,1928,West,Electronics,Laptop,5,4857,24285,1787.49
10519,6/3/2026,1392,West,Stationery,Laptop,10,4953,49530,12772.78
10520,6/4/2026,1810,East,Clothing,Headphones,5,4484,22420,6268.62
10521,6/5/2026,1245,North,Furniture,Laptop,10,820,8200,1742.07
10522,6/6/2026,1175,West,Clothing,Headphones,5,4833,24165,1833.12
10523,6/7/2026,1038,North,Stationery,Laptop,10,598,5980,900.03
10524,6/8/2026,1476,North,Electronics,Laptop,5,4829,24145,5607.31
10525,6/9/2026,1681,East,Electronics,Laptop,3,1773,5319,1302.92
10526,6/10/2026,1758,West,Stationery,Chair,7,3167,22169,1763.65
10527,6/11/2026,1537,West,Electronics,Notebook,6,214,1284,64.21
10528,6/12/2026,1866,North,Furniture,Headphones,4,3079,12316,2808.47
10529,6/13/2026,1817,South,Stationery,Phone,2,4869,9738,1355.03
10530,6/14/2026,1920,East,Clothing,Laptop,9,1836,16524,1877.46
10531,6/15/2026,1407,East,Stationery,Chair,1,3711,3711,197.52
10532,6/16/2026,1524,East,Furniture,Chair,4,2353,9412,1741.92
10533,6/17/2026,1827,East,Furniture,Chair,1,2394,2394,629.11
10534,6/18/2026,1505,West,Stationery,Headphones,6,3730,22380,6476.95
10535,6/19/2026,1902,West,Stationery,Notebook,4,246,984,188.37
10536,6/20/2026,1824,South,Electronics,Headphones,5,4082,20410,3645.54
10537,6/21/2026,1035,East,Furniture,Phone,5,3553,17765,1266.01
10538,6/22/2026,1684,East,Stationery,Notebook,9,4607,41463,7762.63
10539,6/23/2026,1019,North,Stationery,Shirt,1,2510,2510,363.94
10540,6/24/2026,1320,West,Furniture,Pen,2,236,472,95.24
10541,6/25/2026,1775,East,Stationery,Chair,6,3460,20760,3055.49
10542,6/26/2026,1511,South,Electronics,Headphones,5,3105,15525,1708.91
10543,6/27/2026,1399,South,Furniture,Shirt,7,3652,25564,1885.12
10544,6/28/2026,1653,West,Electronics,Table,3,118,354,45.57
10545,6/29/2026,1971,South,Electronics,Headphones,3,2342,7026,521.06
10546,6/30/2026,1882,South,Electronics,Laptop,10,548,5480,516.35
10547,7/1/2026,1470,West,Electronics,Pen,2,2048,4096,1215.83
10548,7/2/2026,1142,East,Furniture,Laptop,3,1045,3135,504.82
10549,7/3/2026,1091,East,Electronics,Notebook,10,4336,43360,7933.49
10550,7/4/2026,1353,South,Electronics,Pen,1,2020,2020,542.18
10551,7/5/2026,1833,South,Stationery,Headphones,5,3077,15385,4598.46
10552,7/6/2026,1799,East,Furniture,Phone,5,4288,21440,4195.35
10553,7/7/2026,1726,West,Furniture,Shirt,7,4115,28805,7291.08
10554,7/8/2026,1958,South,Clothing,Phone,4,338,1352,178.11
10555,7/9/2026,1853,North,Furniture,Headphones,3,304,912,115.31
10556,7/10/2026,1050,West,Furniture,Notebook,1,2707,2707,407.88
10557,7/11/2026,1664,South,Clothing,Laptop,8,4440,35520,7747.86
10558,7/12/2026,1697,South,Furniture,Pen,3,3488,10464,2307.81
10559,7/13/2026,1574,North,Furniture,Phone,2,3072,6144,791.41
10560,7/14/2026,1189,North,Furniture,Headphones,4,4490,17960,1496.11
10561,7/15/2026,1124,East,Furniture,Phone,3,2787,8361,1739.92
10562,7/16/2026,1149,West,Clothing,Headphones,1,4266,4266,350.16
10563,7/17/2026,1313,West,Furniture,Laptop,3,1448,4344,845.44
10564,7/18/2026,1569,East,Furniture,Pen,2,4500,9000,2010.2
10565,7/19/2026,1341,West,Clothing,Shirt,8,916,7328,1649.92
10566,7/20/2026,1304,West,Stationery,Laptop,6,920,5520,1315.79
10567,7/21/2026,1691,West,Electronics,Phone,9,292,2628,704.87
10568,7/22/2026,1681,West,Stationery,Shirt,8,1876,15008,2626.25
10569,7/23/2026,1837,West,Clothing,Headphones,10,3745,37450,8709.46
10570,7/24/2026,1782,North,Electronics,Shirt,3,4724,14172,2902.33
10571,7/25/2026,1053,West,Clothing,Headphones,5,350,1750,169.15
10572,7/26/2026,1443,North,Clothing,Laptop,7,1888,13216,745.68
10573,7/27/2026,1612,West,Furniture,Phone,5,3800,19000,2301.57
10574,7/28/2026,1992,East,Electronics,Notebook,8,2563,20504,3296.19
10575,7/29/2026,1263,South,Furniture,Phone,5,1267,6335,1294.09
10576,7/30/2026,1052,North,Electronics,Headphones,1,3993,3993,1048.12
10577,7/31/2026,1571,West,Clothing,Chair,5,1196,5980,592.39
10578,8/1/2026,1619,East,Clothing,Pen,4,2779,11116,904.7
10579,8/2/2026,1004,South,Stationery,Table,6,1947,11682,3397.94
10580,8/3/2026,1102,North,Electronics,Notebook,3,4004,12012,925.06
10581,8/4/2026,1195,South,Furniture,Shirt,5,604,3020,512.26
10582,8/5/2026,1773,East,Stationery,Notebook,2,1721,3442,675.98
10583,8/6/2026,1876,North,Stationery,Pen,6,2572,15432,2860.22
10584,8/7/2026,1991,South,Stationery,Shirt,6,2646,15876,1135.26
10585,8/8/2026,1883,West,Furniture,Pen,5,1487,7435,477.75
10586,8/9/2026,1349,North,Stationery,Shirt,6,3094,18564,1417.75
10587,8/10/2026,1046,South,Furniture,Notebook,7,3916,27412,5383.63
10588,8/11/2026,1866,East,Stationery,Shirt,5,817,4085,760.16
10589,8/12/2026,1822,East,Furniture,Shirt,1,3584,3584,388.63
10590,8/13/2026,1935,North,Clothing,Chair,8,4534,36272,7596.94
10591,8/14/2026,1819,South,Clothing,Phone,4,758,3032,773.21
10592,8/15/2026,1655,North,Clothing,Phone,9,4108,36972,2232.91
10593,8/16/2026,1268,North,Clothing,Table,10,4624,46240,8070.38
10594,8/17/2026,1369,South,Clothing,Table,6,4334,26004,5781.41
10595,8/18/2026,1635,South,Stationery,Headphones,1,3864,3864,436.93
10596,8/19/2026,1105,West,Stationery,Headphones,3,3089,9267,1176.38
10597,8/20/2026,1669,South,Stationery,Headphones,3,4737,14211,2890.65
10598,8/21/2026,1658,East,Furniture,Chair,10,2204,22040,6049.62
10599,8/22/2026,1656,North,Furniture,Table,4,1355,5420,1368.45
10600,8/23/2026,1119,North,Furniture,Pen,6,2582,15492,3033.06
10601,8/24/2026,1830,East,Furniture,Headphones,7,483,3381,786.27
10602,8/25/2026,1786,South,Clothing,Headphones,10,2707,27070,3822.44
10603,8/26/2026,1603,East,Clothing,Notebook,4,293,1172,246.4
10604,8/27/2026,1057,East,Clothing,Laptop,6,3907,23442,3904.16
10605,8/28/2026,1950,West,Electronics,Pen,1,3819,3819,372.29
10606,8/29/2026,1345,East,Stationery,Headphones,8,2681,21448,4835.12
10607,8/30/2026,1740,North,Furniture,Headphones,7,2665,18655,3527.96
10608,8/31/2026,1473,East,Furniture,Headphones,9,2863,25767,3598.5
10609,9/1/2026,1116,North,Clothing,Laptop,3,2898,8694,2415.5
10610,9/2/2026,1829,North,Furniture,Laptop,2,2439,4878,269.43
10611,9/3/2026,1790,North,Furniture,Chair,1,3506,3506,452.08
10612,9/4/2026,1126,South,Stationery,Pen,3,831,2493,160.1
10613,9/5/2026,1392,West,Clothing,Chair,5,2972,14860,3590.65
10614,9/6/2026,1907,North,Stationery,Shirt,2,3220,6440,1452.39
10615,9/7/2026,1640,North,Electronics,Laptop,3,4880,14640,1944.75
10616,9/8/2026,1057,South,Electronics,Notebook,4,4277,17108,3745.21
10617,9/9/2026,1633,North,Electronics,Table,7,2704,18928,2819.97
10618,9/10/2026,1512,East,Clothing,Notebook,3,2482,7446,1780.07
10619,9/11/2026,1750,East,Furniture,Table,9,631,5679,928.78
10620,9/12/2026,1801,West,Clothing,Laptop,8,4416,35328,5407.65
10621,9/13/2026,1095,North,Clothing,Laptop,4,734,2936,832.89
10622,9/14/2026,1637,South,Furniture,Laptop,1,1869,1869,210.67
10623,9/15/2026,1117,East,Stationery,Chair,1,3904,3904,312.76
10624,9/16/2026,1559,South,Electronics,Pen,1,2470,2470,484.46
10625,9/17/2026,1600,South,Stationery,Table,1,102,102,29.82
10626,9/18/2026,1487,East,Electronics,Pen,8,305,2440,352.48
10627,9/19/2026,1236,South,Clothing,Chair,3,4235,12705,832.29
10628,9/20/2026,1884,East,Electronics,Chair,6,2721,16326,2201.17
10629,9/21/2026,1896,South,Clothing,Phone,3,4839,14517,2562
10630,9/22/2026,1271,East,Stationery,Notebook,5,2990,14950,1352.69
10631,9/23/2026,1188,North,Clothing,Notebook,7,3293,23051,4945.03
10632,9/24/2026,1998,West,Stationery,Shirt,2,2766,5532,1656.49
10633,9/25/2026,1703,East,Furniture,Headphones,6,3406,20436,3329.74
10634,9/26/2026,1446,East,Furniture,Chair,6,997,5982,829.6
10635,9/27/2026,1580,West,Furniture,Table,3,1185,3555,533.88
10636,9/28/2026,1789,East,Clothing,Phone,6,1379,8274,651.88
10637,9/29/2026,1860,East,Furniture,Phone,10,770,7700,2085.3
10638,9/30/2026,1246,South,Electronics,Headphones,10,1605,16050,2466.99
10639,10/1/2026,1962,West,Stationery,Pen,5,3675,18375,2697.79
10640,10/2/2026,1075,North,Stationery,Headphones,2,4914,9828,2112.26
10641,10/3/2026,1153,East,Electronics,Headphones,9,2055,18495,2968.6
10642,10/4/2026,1655,West,Clothing,Headphones,8,349,2792,592.07
10643,10/5/2026,1434,South,Clothing,Notebook,3,1992,5976,390.6
10644,10/6/2026,1996,North,Stationery,Chair,8,3539,28312,7175.13
10645,10/7/2026,1085,West,Furniture,Shirt,9,1953,17577,5011.66
10646,10/8/2026,1696,North,Clothing,Chair,3,2954,8862,1880.44
10647,10/9/2026,1284,North,Clothing,Pen,3,1603,4809,1388.08
10648,10/10/2026,1973,North,Electronics,Laptop,2,3485,6970,612.37
10649,10/11/2026,1219,East,Electronics,Headphones,8,3671,29368,4973.59
10650,10/12/2026,1068,East,Furniture,Chair,10,3892,38920,7801.58
10651,10/13/2026,1046,South,Clothing,Pen,1,3526,3526,689.1
10652,10/14/2026,1093,South,Clothing,Laptop,8,143,1144,172.02
10653,10/15/2026,1749,West,Electronics,Laptop,7,3712,25984,3495.4
10654,10/16/2026,1957,South,Clothing,Headphones,7,2718,19026,1554.54
10655,10/17/2026,1452,North,Stationery,Shirt,3,4778,14334,2120.51
10656,10/18/2026,1203,North,Electronics,Table,1,3263,3263,295.84
10657,10/19/2026,1911,East,Furniture,Notebook,4,1388,5552,1296.9
10658,10/20/2026,1217,North,Electronics,Chair,9,3042,27378,2798.24
10659,10/21/2026,1473,West,Clothing,Laptop,5,319,1595,103.1
10660,10/22/2026,1431,North,Furniture,Chair,1,2025,2025,380.89
10661,10/23/2026,1340,North,Electronics,Table,5,3072,15360,3053.68
10662,10/24/2026,1550,West,Stationery,Notebook,8,3613,28904,7745.64
10663,10/25/2026,1611,South,Stationery,Table,8,2548,20384,3959.5
10664,10/26/2026,1288,South,Electronics,Notebook,5,3571,17855,2434.89
10665,10/27/2026,1253,West,Stationery,Phone,9,2874,25866,6485.98
10666,10/28/2026,1733,East,Stationery,Notebook,1,1090,1090,201.73
10667,10/29/2026,1356,North,Stationery,Headphones,4,3046,12184,850.69
10668,10/30/2026,1022,West,Furniture,Shirt,3,1912,5736,1098.23
10669,10/31/2026,1761,North,Stationery,Table,2,903,1806,500.27
10670,11/1/2026,1521,East,Stationery,Laptop,8,589,4712,702.46
10671,11/2/2026,1757,North,Stationery,Headphones,7,3656,25592,3175.49
10672,11/3/2026,1836,West,Furniture,Phone,9,1593,14337,1231.08
10673,11/4/2026,1099,North,Electronics,Shirt,2,3745,7490,658.08
10674,11/5/2026,1801,South,Clothing,Chair,4,2991,11964,1892.62
10675,11/6/2026,1179,East,Stationery,Headphones,6,1805,10830,2154.3
10676,11/7/2026,1222,East,Electronics,Table,3,3616,10848,761.03
10677,11/8/2026,1905,East,Stationery,Pen,8,3440,27520,7840.23
10678,11/9/2026,1761,West,Furniture,Pen,3,153,459,109.6
10679,11/10/2026,1658,East,Electronics,Laptop,2,2675,5350,1052.11
10680,11/11/2026,1441,South,Furniture,Notebook,3,3691,11073,2846.98
10681,11/12/2026,1607,West,Stationery,Laptop,6,715,4290,300.5
10682,11/13/2026,1768,South,Stationery,Pen,2,1054,2108,356.69
10683,11/14/2026,1324,North,Furniture,Chair,8,2533,20264,4205.25
10684,11/15/2026,1515,North,Clothing,Phone,1,1729,1729,444.64
10685,11/16/2026,1015,North,Furniture,Phone,7,2881,20167,4958.41
10686,11/17/2026,1791,North,Stationery,Table,2,749,1498,178.66
10687,11/18/2026,1335,South,Furniture,Phone,10,2447,24470,6979.33
10688,11/19/2026,1758,West,Clothing,Table,6,4590,27540,2233.12
10689,11/20/2026,1257,West,Furniture,Headphones,2,3378,6756,1815.9
10690,11/21/2026,1496,East,Clothing,Table,2,2740,5480,1604.19
10691,11/22/2026,1987,South,Clothing,Headphones,10,3901,39010,3678.19
10692,11/23/2026,1895,North,Furniture,Table,8,2661,21288,4907.24
10693,11/24/2026,1159,South,Furniture,Pen,2,3349,6698,402.36
10694,11/25/2026,1474,East,Electronics,Pen,7,470,3290,497.96
10695,11/26/2026,1851,East,Stationery,Notebook,3,957,2871,514.11
10696,11/27/2026,1663,South,Clothing,Headphones,8,4986,39888,7784.59
10697,11/28/2026,1907,South,Electronics,Shirt,7,4853,33971,9647.23
10698,11/29/2026,1689,South,Furniture,Headphones,8,483,3864,842.59
10699,11/30/2026,1674,West,Stationery,Table,7,3977,27839,4741.52
10700,12/1/2026,1379,North,Electronics,Table,6,2652,15912,4016.49
10701,12/2/2026,1544,South,Clothing,Shirt,7,4434,31038,8927.56
10702,12/3/2026,1928,South,Electronics,Laptop,5,4390,21950,1218.59
10703,12/4/2026,1956,South,Clothing,Table,7,2825,19775,5846.09
10704,12/5/2026,1690,East,Furniture,Notebook,1,4134,4134,295.72
10705,12/6/2026,1426,East,Stationery,Phone,1,3393,3393,860.45
10706,12/7/2026,1612,West,Stationery,Phone,9,4351,39159,4702.36
10707,12/8/2026,1267,North,Stationery,Chair,5,4088,20440,1697.44
10708,12/9/2026,1834,West,Furniture,Chair,5,1022,5110,817.42
10709,12/10/2026,1576,North,Clothing,Phone,3,3015,9045,1908.4
10710,12/11/2026,1416,East,Furniture,Phone,5,3050,15250,2214.88
10711,12/12/2026,1167,East,Stationery,Pen,3,3146,9438,600.65
10712,12/13/2026,1841,East,Furniture,Notebook,9,1074,9666,1931.9
10713,12/14/2026,1042,West,Furniture,Shirt,9,1330,11970,3298.94
10714,12/15/2026,1555,South,Furniture,Chair,6,2535,15210,2217.68
10715,12/16/2026,1284,South,Clothing,Pen,1,1914,1914,199.22
10716,12/17/2026,1396,East,Electronics,Pen,7,3034,21238,3411.76
10717,12/18/2026,1011,South,Electronics,Shirt,7,1463,10241,635.87
10718,12/19/2026,1606,South,Furniture,Pen,10,4040,40400,10306.92
10719,12/20/2026,1301,West,Electronics,Headphones,10,303,3030,777.45
10720,12/21/2026,1897,North,Electronics,Notebook,4,260,1040,204.88
10721,12/22/2026,1252,East,Furniture,Phone,8,4587,36696,5074.17
10722,12/23/2026,1498,East,Furniture,Table,6,868,5208,1301.72
10723,12/24/2026,1753,West,Stationery,Shirt,4,3848,15392,2904.04
10724,12/25/2026,1034,West,Electronics,Phone,4,2681,10724,2750.52
10725,12/26/2026,1726,South,Clothing,Phone,2,1193,2386,495.97
10726,12/27/2026,1848,East,Furniture,Laptop,2,4600,9200,2264.13
10727,12/28/2026,1089,North,Stationery,Headphones,4,707,2828,564.58
10728,12/29/2026,1775,West,Clothing,Shirt,5,1640,8200,1258.99
10729,12/30/2026,1604,North,Electronics,Pen,8,2975,23800,6889.78
10730,12/31/2026,1921,North,Stationery,Table,6,3291,19746,3658.51
10731,1/1/2027,1969,East,Furniture,Shirt,4,1937,7748,1559.46
10732,1/2/2027,1601,East,Clothing,Pen,7,789,5523,580.59
10733,1/3/2027,1417,West,Furniture,Phone,8,3859,30872,6372.37
10734,1/4/2027,1114,East,Electronics,Table,2,3049,6098,1176.32
10735,1/5/2027,1616,East,Clothing,Pen,7,2203,15421,1483.65
10736,1/6/2027,1902,East,Electronics,Notebook,2,465,930,60.35
10737,1/7/2027,1195,North,Electronics,Pen,2,3675,7350,1478.01
10738,1/8/2027,1825,West,Stationery,Laptop,8,4650,37200,8962.34
10739,1/9/2027,1500,South,Furniture,Headphones,2,4299,8598,1554.95
10740,1/10/2027,1625,North,Clothing,Phone,9,4272,38448,4102.14
10741,1/11/2027,1492,East,Electronics,Pen,1,4425,4425,958.59
10742,1/12/2027,1074,North,Electronics,Headphones,9,2478,22302,1561.73
10743,1/13/2027,1412,East,Clothing,Chair,1,1305,1305,209.4
10744,1/14/2027,1375,East,Electronics,Chair,10,3939,39390,3578.25
10745,1/15/2027,1419,North,Stationery,Headphones,10,2835,28350,2724.85
10746,1/16/2027,1728,West,Stationery,Headphones,2,3447,6894,693.35
10747,1/17/2027,1276,East,Stationery,Laptop,6,1775,10650,1562.11
10748,1/18/2027,1760,West,Stationery,Notebook,6,398,2388,149.94
10749,1/19/2027,1675,South,Electronics,Phone,1,1056,1056,157.82
10750,1/20/2027,1393,East,Clothing,Shirt,7,1214,8498,1512.02
10751,1/21/2027,1868,West,Clothing,Laptop,8,2605,20840,3559.96
10752,1/22/2027,1456,West,Clothing,Notebook,2,1574,3148,458.65
10753,1/23/2027,1919,South,Clothing,Headphones,8,4560,36480,9477.02
10754,1/24/2027,1191,West,Furniture,Shirt,9,4546,40914,3532.17
10755,1/25/2027,1738,West,Clothing,Headphones,6,3826,22956,4049.99
10756,1/26/2027,1688,South,Furniture,Headphones,5,3571,17855,1169.69
10757,1/27/2027,1098,East,Furniture,Chair,9,2928,26352,1786.37
10758,1/28/2027,1547,West,Stationery,Chair,9,2950,26550,5136.53
10759,1/29/2027,1977,West,Furniture,Shirt,1,2606,2606,499.06
10760,1/30/2027,1998,West,Electronics,Laptop,3,3870,11610,3128.99
10761,1/31/2027,1095,North,Furniture,Chair,9,3064,27576,5224.78
10762,2/1/2027,1663,South,Stationery,Phone,2,4694,9388,2722.03
10763,2/2/2027,1662,North,Furniture,Headphones,4,1049,4196,260.88
10764,2/3/2027,1189,South,Electronics,Table,4,4703,18812,1401.53
10765,2/4/2027,1735,East,Electronics,Pen,2,2950,5900,360
10766,2/5/2027,1036,East,Electronics,Shirt,3,265,795,76.57
10767,2/6/2027,1779,West,Stationery,Shirt,3,3586,10758,1993.65
10768,2/7/2027,1368,South,Stationery,Chair,1,2609,2609,551.52
10769,2/8/2027,1694,East,Clothing,Laptop,6,1019,6114,375.38
10770,2/9/2027,1524,South,Stationery,Headphones,8,213,1704,488.18
10771,2/10/2027,1278,East,Electronics,Phone,3,3604,10812,2816.97
10772,2/11/2027,1216,North,Electronics,Laptop,5,1091,5455,677.26
10773,2/12/2027,1866,East,Stationery,Notebook,1,3939,3939,272.96
10774,2/13/2027,1872,North,Furniture,Notebook,10,1358,13580,1255.77
10775,2/14/2027,1797,East,Stationery,Table,7,3526,24682,2017.41
10776,2/15/2027,1272,West,Stationery,Chair,10,614,6140,496.24
10777,2/16/2027,1880,North,Electronics,Chair,1,4904,4904,880.96
10778,2/17/2027,1061,East,Clothing,Chair,9,3296,29664,3306.4
10779,2/18/2027,1595,West,Electronics,Table,8,4534,36272,5061.21
10780,2/19/2027,1879,North,Clothing,Notebook,7,2684,18788,5587.11
10781,2/20/2027,1728,West,Electronics,Laptop,10,167,1670,369.2
10782,2/21/2027,1341,South,Stationery,Table,7,1696,11872,3410.17
10783,2/22/2027,1396,South,Electronics,Table,5,4578,22890,1960.28
10784,2/23/2027,1698,North,Electronics,Laptop,5,118,590,85.87
10785,2/24/2027,1018,East,Electronics,Chair,5,2830,14150,2669.86
10786,2/25/2027,1176,North,Stationery,Phone,1,3621,3621,250.54
10787,2/26/2027,1611,West,Stationery,Laptop,8,672,5376,274.43
10788,2/27/2027,1395,East,Stationery,Notebook,1,2358,2358,513.12
10789,2/28/2027,1444,South,Stationery,Shirt,4,3002,12008,2527.14
10790,3/1/2027,1232,East,Clothing,Headphones,9,750,6750,1030.71
10791,3/2/2027,1914,South,Clothing,Shirt,9,2687,24183,4169.42
10792,3/3/2027,1075,East,Furniture,Pen,5,3362,16810,2586.4
10793,3/4/2027,1264,East,Stationery,Pen,4,1438,5752,322.12
10794,3/5/2027,1454,East,Clothing,Table,3,3734,11202,1499.31
10795,3/6/2027,1795,West,Electronics,Headphones,3,2927,8781,827.79
10796,3/7/2027,1717,West,Stationery,Shirt,5,2317,11585,864.31
10797,3/8/2027,1734,North,Furniture,Phone,10,3639,36390,10523.26
10798,3/9/2027,1383,North,Furniture,Chair,1,1137,1137,227.22
10799,3/10/2027,1563,South,Furniture,Notebook,5,4483,22415,5203.96
10800,3/11/2027,1850,West,Electronics,Pen,6,4078,24468,3152.48
10801,3/12/2027,1505,South,Clothing,Phone,7,3061,21427,3177.34
10802,3/13/2027,1366,North,Electronics,Notebook,9,3326,29934,3269.72
10803,3/14/2027,1143,South,Stationery,Notebook,3,1198,3594,266.82
10804,3/15/2027,1884,North,Furniture,Chair,2,2424,4848,459.39
10805,3/16/2027,1068,West,Electronics,Headphones,3,1039,3117,777.31
10806,3/17/2027,1098,East,Electronics,Table,9,3816,34344,7534.61
10807,3/18/2027,1395,West,Clothing,Shirt,7,3514,24598,4593.24
10808,3/19/2027,1024,South,Clothing,Chair,9,1548,13932,2351.34
10809,3/20/2027,1947,South,Furniture,Phone,2,670,1340,376.02
10810,3/21/2027,1890,West,Electronics,Table,5,3004,15020,1024.12
10811,3/22/2027,1468,West,Electronics,Phone,4,2605,10420,1251.97
10812,3/23/2027,1483,North,Clothing,Table,2,1017,2034,279.64
10813,3/24/2027,1564,South,Electronics,Headphones,9,1974,17766,4363.44
10814,3/25/2027,1150,South,Electronics,Pen,9,1778,16002,4770.65
10815,3/26/2027,1143,West,Electronics,Phone,6,715,4290,472.62
10816,3/27/2027,1568,East,Clothing,Chair,6,4601,27606,7414.33
10817,3/28/2027,1038,South,Furniture,Table,8,1849,14792,3811.24
10818,3/29/2027,1108,East,Stationery,Table,6,3925,23550,2500.17
10819,3/30/2027,1692,West,Furniture,Notebook,1,4288,4288,642.48
10820,3/31/2027,1041,West,Stationery,Notebook,4,2577,10308,1571.13
10821,4/1/2027,1185,North,Electronics,Laptop,7,4849,33943,9998.09
10822,4/2/2027,1934,South,Furniture,Phone,2,3605,7210,686.56
10823,4/3/2027,1397,East,Stationery,Notebook,9,3575,32175,8036.98
10824,4/4/2027,1222,North,Clothing,Laptop,8,4629,37032,4945.56
10825,4/5/2027,1633,South,Clothing,Pen,8,1235,9880,2299.25
10826,4/6/2027,1132,North,Furniture,Pen,7,4100,28700,4448.58
10827,4/7/2027,1162,West,Furniture,Notebook,4,474,1896,368.94
10828,4/8/2027,1214,South,Electronics,Phone,2,306,612,157.99
10829,4/9/2027,1732,North,Furniture,Table,3,4975,14925,3746.79
10830,4/10/2027,1234,North,Electronics,Shirt,6,1419,8514,2269.88
10831,4/11/2027,1842,East,Electronics,Headphones,5,1241,6205,402.73
10832,4/12/2027,1657,North,Clothing,Phone,8,4727,37816,8433.45
10833,4/13/2027,1750,South,Clothing,Headphones,6,2790,16740,1422.85
10834,4/14/2027,1587,South,Stationery,Chair,6,3355,20130,3099.11
10835,4/15/2027,1008,East,Clothing,Pen,1,189,189,35.37
10836,4/16/2027,1073,South,Clothing,Notebook,4,4208,16832,2536.33
10837,4/17/2027,1953,West,Furniture,Notebook,5,3120,15600,2806.49
10838,4/18/2027,1491,South,Clothing,Headphones,3,1957,5871,1756.2
10839,4/19/2027,1912,South,Stationery,Table,9,904,8136,681.83
10840,4/20/2027,1252,North,Furniture,Headphones,1,1044,1044,228.49
10841,4/21/2027,1229,North,Stationery,Chair,6,2889,17334,2582.77
10842,4/22/2027,1518,South,Clothing,Table,6,3975,23850,1985.57
10843,4/23/2027,1173,East,Stationery,Chair,10,1710,17100,1533.6
10844,4/24/2027,1652,North,Furniture,Shirt,5,3023,15115,4342.82
10845,4/25/2027,1167,East,Electronics,Pen,5,3982,19910,5373.72
10846,4/26/2027,1169,South,Stationery,Notebook,10,3321,33210,9191.22
10847,4/27/2027,1392,South,Stationery,Notebook,5,4491,22455,6688.97
10848,4/28/2027,1945,West,Furniture,Shirt,6,4835,29010,2961.31
10849,4/29/2027,1794,North,Furniture,Laptop,8,2487,19896,2762.76
10850,4/30/2027,1633,South,Stationery,Pen,2,4823,9646,2096.12
10851,5/1/2027,1193,West,Clothing,Table,6,1041,6246,1067.76
10852,5/2/2027,1516,North,Stationery,Shirt,1,2666,2666,412.16
10853,5/3/2027,1028,South,Furniture,Table,4,1075,4300,599.65
10854,5/4/2027,1164,South,Electronics,Headphones,10,1054,10540,2091.61
10855,5/5/2027,1421,North,Electronics,Phone,3,1362,4086,792.27
10856,5/6/2027,1338,North,Clothing,Notebook,9,1043,9387,848.25
10857,5/7/2027,1647,North,Stationery,Table,3,2302,6906,1159.76
10858,5/8/2027,1495,South,Electronics,Chair,6,3427,20562,3873.22
10859,5/9/2027,1364,South,Stationery,Table,1,4374,4374,842.31
10860,5/10/2027,1832,West,Furniture,Phone,6,2359,14154,1451.16
10861,5/11/2027,1341,East,Electronics,Pen,4,1928,7712,1816.7
10862,5/12/2027,1499,North,Clothing,Notebook,8,1357,10856,611.19
10863,5/13/2027,1656,South,Furniture,Headphones,9,564,5076,704.08
10864,5/14/2027,1510,South,Clothing,Shirt,4,3394,13576,3326.84
10865,5/15/2027,1326,North,Furniture,Headphones,10,1330,13300,2539.94
10866,5/16/2027,1216,East,Electronics,Phone,10,2754,27540,3175.1
10867,5/17/2027,1300,North,Clothing,Notebook,6,984,5904,1320.95
10868,5/18/2027,1131,East,Clothing,Table,1,3905,3905,749.17
10869,5/19/2027,1803,South,Furniture,Pen,4,3956,15824,3941.14
10870,5/20/2027,1069,East,Clothing,Laptop,7,3235,22645,5293.41
10871,5/21/2027,1251,West,Furniture,Pen,1,1024,1024,207.39
10872,5/22/2027,1414,South,Furniture,Laptop,8,4689,37512,6453.73
10873,5/23/2027,1786,West,Furniture,Chair,10,1646,16460,1371.04
10874,5/24/2027,1444,North,Furniture,Pen,6,1194,7164,826.25
10875,5/25/2027,1875,North,Electronics,Notebook,5,2511,12555,1943.2
10876,5/26/2027,1181,North,Furniture,Laptop,10,2717,27170,5429.24
10877,5/27/2027,1166,East,Stationery,Shirt,9,862,7758,1384.24
10878,5/28/2027,1090,South,Clothing,Notebook,2,2423,4846,591.44
10879,5/29/2027,1713,North,Stationery,Shirt,5,4245,21225,1095.55
10880,5/30/2027,1857,North,Electronics,Pen,6,2875,17250,3002.53
10881,5/31/2027,1530,South,Stationery,Shirt,7,4759,33313,4044.41
10882,6/1/2027,1038,North,Clothing,Laptop,5,4978,24890,5815.6
10883,6/2/2027,1125,West,Stationery,Notebook,9,3255,29295,1640.13
10884,6/3/2027,1450,South,Electronics,Table,1,4070,4070,798.56
10885,6/4/2027,1172,South,Furniture,Phone,7,2140,14980,4274.82
10886,6/5/2027,1652,South,Stationery,Laptop,10,683,6830,639.3
10887,6/6/2027,1753,West,Electronics,Laptop,7,4431,31017,5208.14
10888,6/7/2027,1219,South,Electronics,Table,4,2203,8812,642
10889,6/8/2027,1637,West,Clothing,Notebook,9,2042,18378,3793.6
10890,6/9/2027,1057,South,Clothing,Notebook,5,4555,22775,4273.34
10891,6/10/2027,1659,East,Stationery,Headphones,4,209,836,126.94
10892,6/11/2027,1475,North,Furniture,Pen,7,291,2037,367.36
10893,6/12/2027,1455,East,Electronics,Shirt,4,1003,4012,1099.86
10894,6/13/2027,1828,North,Stationery,Pen,3,961,2883,285.63
10895,6/14/2027,1894,West,Electronics,Table,9,1183,10647,592.41
10896,6/15/2027,1360,East,Electronics,Pen,8,749,5992,1590.37
10897,6/16/2027,1934,South,Furniture,Table,1,4234,4234,822.58
10898,6/17/2027,1000,North,Furniture,Notebook,7,3711,25977,7083.01
10899,6/18/2027,1386,North,Stationery,Shirt,9,736,6624,1319.74
10900,6/19/2027,1972,East,Furniture,Pen,8,1136,9088,2295.09
10901,6/20/2027,1347,West,Furniture,Laptop,8,4231,33848,5328.3
10902,6/21/2027,1189,East,Stationery,Chair,6,2248,13488,3202.93
10903,6/22/2027,1504,West,Furniture,Headphones,4,3965,15860,4413.21
10904,6/23/2027,1190,West,Clothing,Phone,8,3257,26056,5029.61
10905,6/24/2027,1507,North,Electronics,Laptop,3,3687,11061,1052.97
10906,6/25/2027,1368,East,Electronics,Notebook,9,3394,30546,3579.97
10907,6/26/2027,1408,East,Electronics,Phone,2,4361,8722,869.24
10908,6/27/2027,1823,West,Electronics,Chair,2,2530,5060,565.27
10909,6/28/2027,1928,East,Stationery,Chair,7,1979,13853,1753.84
10910,6/29/2027,1933,South,Electronics,Shirt,10,4066,40660,7675.93
10911,6/30/2027,1116,South,Electronics,Phone,4,3813,15252,3004.61
10912,7/1/2027,1133,East,Electronics,Shirt,10,4226,42260,6618.97
10913,7/2/2027,1057,East,Electronics,Laptop,8,4206,33648,6859.32
10914,7/3/2027,1555,West,Clothing,Table,9,2111,18999,1337.41
10915,7/4/2027,1684,South,Electronics,Table,7,3473,24311,1749.1
10916,7/5/2027,1671,South,Clothing,Table,5,2243,11215,1042.52
10917,7/6/2027,1172,North,Stationery,Phone,8,2600,20800,3734
10918,7/7/2027,1828,West,Furniture,Table,4,4681,18724,1937.91
10919,7/8/2027,1814,North,Electronics,Laptop,2,1389,2778,335.64
10920,7/9/2027,1148,South,Furniture,Shirt,6,1547,9282,1393.03
10921,7/10/2027,1079,West,Furniture,Phone,9,3299,29691,7510.83
10922,7/11/2027,1885,East,Stationery,Shirt,1,2043,2043,109.23
10923,7/12/2027,1212,West,Furniture,Phone,10,3283,32830,6971.28
10924,7/13/2027,1202,East,Clothing,Shirt,7,3316,23212,5042.09
10925,7/14/2027,1763,East,Furniture,Chair,10,3236,32360,8079.13
10926,7/15/2027,1228,West,Furniture,Shirt,9,3418,30762,8711.44
10927,7/16/2027,1675,East,Furniture,Table,10,2882,28820,1586.09
10928,7/17/2027,1226,North,Electronics,Chair,9,1090,9810,867.65
10929,7/18/2027,1658,South,Electronics,Shirt,10,2253,22530,6117.86
10930,7/19/2027,1531,East,Clothing,Phone,3,325,975,160.51
10931,7/20/2027,1440,North,Clothing,Phone,5,876,4380,837.23
10932,7/21/2027,1401,East,Electronics,Headphones,8,2937,23496,5069.42
10933,7/22/2027,1046,South,Clothing,Phone,8,787,6296,1383.65
10934,7/23/2027,1232,North,Electronics,Notebook,4,629,2516,711.86
10935,7/24/2027,1304,South,Stationery,Laptop,1,3542,3542,1059.9
10936,7/25/2027,1525,South,Furniture,Phone,1,2253,2253,518.28
10937,7/26/2027,1142,North,Furniture,Chair,4,1394,5576,679.19
10938,7/27/2027,1414,North,Clothing,Headphones,6,1626,9756,2633.52
10939,7/28/2027,1512,North,Electronics,Phone,8,4874,38992,2429.41
10940,7/29/2027,1372,West,Electronics,Notebook,6,2996,17976,1937.28
10941,7/30/2027,1565,North,Clothing,Table,9,3203,28827,7908.58
10942,7/31/2027,1885,North,Electronics,Chair,9,2540,22860,2607.13
10943,8/1/2027,1258,North,Stationery,Notebook,2,4235,8470,890.73
10944,8/2/2027,1655,North,Furniture,Table,10,3902,39020,3298.41
10945,8/3/2027,1470,East,Clothing,Pen,1,944,944,249.95
10946,8/4/2027,1952,West,Clothing,Pen,2,546,1092,191.12
10947,8/5/2027,1970,South,Electronics,Chair,5,4015,20075,4390.87
10948,8/6/2027,1011,North,Clothing,Shirt,4,3209,12836,1408.96
10949,8/7/2027,1329,East,Stationery,Laptop,4,1334,5336,1278.03
10950,8/8/2027,1735,East,Electronics,Headphones,9,326,2934,704.16
10951,8/9/2027,1783,East,Electronics,Laptop,8,4243,33944,4349.91
10952,8/10/2027,1967,South,Electronics,Notebook,6,3059,18354,2802.12
10953,8/11/2027,1357,North,Electronics,Table,1,1930,1930,197.68
10954,8/12/2027,1971,West,Stationery,Laptop,2,3879,7758,2281.94
10955,8/13/2027,1407,West,Electronics,Table,6,286,1716,362.76
10956,8/14/2027,1667,East,Clothing,Table,2,2977,5954,1688.77
10957,8/15/2027,1372,South,Stationery,Notebook,10,2635,26350,3316.05
10958,8/16/2027,1007,South,Furniture,Notebook,5,2032,10160,2494
10959,8/17/2027,1121,South,Furniture,Notebook,5,3024,15120,3650.95
10960,8/18/2027,1347,West,Clothing,Laptop,6,948,5688,1267.93
10961,8/19/2027,1675,East,Clothing,Pen,6,2132,12792,3727.71
10962,8/20/2027,1089,North,Stationery,Notebook,6,1352,8112,1203.73
10963,8/21/2027,1647,West,Furniture,Headphones,2,1981,3962,327.58
10964,8/22/2027,1697,East,Furniture,Laptop,10,369,3690,804.15
10965,8/23/2027,1315,East,Furniture,Notebook,3,1730,5190,1205.78
10966,8/24/2027,1177,North,Furniture,Phone,6,4505,27030,5237.47
10967,8/25/2027,1539,North,Furniture,Table,8,3303,26424,2687.44
10968,8/26/2027,1731,North,Electronics,Headphones,1,1674,1674,294.81
10969,8/27/2027,1868,South,Clothing,Notebook,1,2992,2992,383.12
10970,8/28/2027,1040,North,Electronics,Chair,2,1795,3590,563.15
10971,8/29/2027,1739,East,Furniture,Table,6,3358,20148,4257.37
10972,8/30/2027,1703,North,Stationery,Table,9,3362,30258,7150.08
10973,8/31/2027,1922,East,Stationery,Notebook,4,1545,6180,667.79
10974,9/1/2027,1501,West,Furniture,Pen,3,319,957,144.82
10975,9/2/2027,1958,South,Furniture,Shirt,8,152,1216,142.63
10976,9/3/2027,1144,West,Stationery,Pen,10,1857,18570,1850.65
10977,9/4/2027,1200,West,Electronics,Notebook,9,1766,15894,3907.49
10978,9/5/2027,1928,East,Electronics,Table,5,2885,14425,4000.24
10979,9/6/2027,1723,West,Furniture,Headphones,9,819,7371,1050.8
10980,9/7/2027,1460,East,Electronics,Chair,2,505,1010,240.2
10981,9/8/2027,1731,North,Stationery,Headphones,3,2394,7182,1969.66
10982,9/9/2027,1751,North,Electronics,Headphones,7,171,1197,313.05
10983,9/10/2027,1924,East,Furniture,Table,7,2153,15071,1442.35
10984,9/11/2027,1908,North,Stationery,Pen,6,1329,7974,2305.07
10985,9/12/2027,1557,South,Electronics,Chair,6,1667,10002,1441.98
10986,9/13/2027,1546,West,Clothing,Laptop,2,3782,7564,1019.7
10987,9/14/2027,1252,South,Stationery,Phone,10,3053,30530,2003.01
10988,9/15/2027,1389,West,Stationery,Table,6,4582,27492,4716.07
10989,9/16/2027,1593,North,Clothing,Notebook,4,798,3192,246.59
10990,9/17/2027,1882,South,Clothing,Laptop,3,926,2778,311.51
10991,9/18/2027,1255,North,Stationery,Phone,2,448,896,115.8
10992,9/19/2027,1708,West,Clothing,Notebook,1,4008,4008,1010.84
10993,9/20/2027,1814,East,Furniture,Headphones,5,407,2035,547.15
10994,9/21/2027,1920,East,Furniture,Shirt,2,3516,7032,883.34
10995,9/22/2027,1449,South,Furniture,Notebook,2,2434,4868,1288.44
10996,9/23/2027,1009,North,Stationery,Chair,7,4961,34727,9178.61
10997,9/24/2027,1823,North,Clothing,Chair,8,4920,39360,9492.17
10998,9/25/2027,1797,South,Clothing,Shirt,10,2909,29090,2521.34
10999,9/26/2027,1241,East,Electronics,Laptop,8,3658,29264,6513.6
11000,9/27/2027,1250,West,Electronics,Phone,4,4578,18312,5241.92
